{
  "CustomLocations": [
    {
      "Name": "Unknown",
      "Pitch": -0.000000,
      "Roll": 0.000000,
      "X": 935.273132,
      "Y": 3541.419922,
      "Yaw": -1.586423,
      "Z": 32.715904
    }
  ]
}